Age,Gender,Education,Marital_Status,Income,Debt_to_Income_Ratio,Credit_Score,Loan_Amount,Loan_Term,Interest_Rate,Default_Status
56,Male,Master,Single,63037,0.58,445,14331,36,6.95,0
69,Male,Bachelor,Married,63309,0.12,326,11163,24,10.91,0
46,Male,Bachelor,Single,38550,0.15,829,24609,24,6.53,0
32,Female,Bachelor,Married,50569,0.12,381,11714,36,5.59,1
60,Male,Master,Married,60249,0.19,727,20693,24,4.9,0
25,Male,High School,Married,46860,0.37,778,9245,36,6.75,0
38,Male,Bachelor,Married,66094,0.42,461,13225,24,4.27,0
56,Female,Bachelor,Single,85458,0.12,701,17511,36,3.22,0
36,Female,High School,Single,38210,0.57,807,14710,24,12.66,0
40,Male,Master,Married,29284,0.52,337,16218,24,4.65,0
28,Male,Bachelor,Single,54557,0.25,810,12305,12,12.31,0
28,Male,Bachelor,Single,60823,0.14,692,7011,36,12.57,0
41,Male,Master,Single,46537,0.18,793,22327,24,9.46,0
53,Female,Master,Married,71798,0.16,499,12610,24,6.72,0
57,Female,Bachelor,Single,29920,0.16,554,16445,36,4.74,0
41,Female,Master,Single,60393,0.36,478,18509,12,11.84,0
20,Female,Bachelor,Married,40912,0.22,846,16543,36,10.22,0
39,Male,Bachelor,Married,75790,0.28,688,11457,36,10.87,0
19,Male,Bachelor,Single,79887,0.59,697,20798,36,3.1,0
41,Male,Bachelor,Single,38500,0.44,457,17568,36,14.13,1
61,Female,High School,Single,41756,0.57,303,15993,24,3.8,0
47,Male,Master,Single,62893,0.17,466,15877,12,7.4,0
55,Female,Master,Single,44193,0.29,767,23411,36,7.83,0
19,Female,High School,Married,49318,0.38,708,11349,24,3.02,1
38,Male,Master,Married,50380,0.14,711,17076,12,8.97,0
50,Male,High School,Married,21204,0.1,503,12356,36,12.03,0
29,Male,High School,Single,49792,0.44,493,5318,24,12.88,0
39,Female,Bachelor,Married,39654,0.42,534,5186,36,13.55,0
61,Male,High School,Single,42603,0.31,449,9926,36,8.85,0
42,Female,Master,Divorced,71654,0.34,458,11707,36,10.57,1
66,Male,Master,Married,31152,0.31,578,25864,36,3.95,0
44,Female,Bachelor,Single,62198,0.11,703,18491,36,8.86,0
59,Female,High School,Married,45815,0.27,610,18941,36,4.86,0
45,Male,High School,Single,45803,0.19,367,11814,24,7.44,1
33,Female,Bachelor,Married,61855,0.15,762,15306,12,6.95,0
32,Female,PhD,Single,55100,0.58,387,26530,36,8.08,0
64,Male,Bachelor,Single,58559,0.4,516,8927,36,9.86,0
68,Female,High School,Married,64522,0.46,300,17281,24,13.83,1
61,Male,Bachelor,Single,45030,0.26,434,23056,12,7.73,1
69,Female,Bachelor,Married,40816,0.3,650,19829,24,14.77,0
20,Male,Bachelor,Single,33722,0.22,439,24007,12,12.11,0
54,Male,High School,Married,37618,0.15,432,16064,36,9.14,0
68,Female,Bachelor,Married,94236,0.19,477,18017,36,10.73,1
24,Female,Bachelor,Married,68670,0.5,657,15548,12,4.23,0
38,Female,PhD,Single,29733,0.44,679,17666,24,13.13,0
26,Female,High School,Single,30163,0.37,749,10423,12,9.99,0
56,Female,Bachelor,Single,57227,0.34,762,18961,36,14.83,1
35,Male,Master,Single,58208,0.56,407,16471,24,10.64,0
21,Female,High School,Married,58233,0.14,421,15313,24,13.01,0
42,Male,Master,Divorced,46175,0.24,316,23731,24,12.6,1
31,Male,Bachelor,Married,48118,0.27,495,13673,12,7.15,0
67,Female,High School,Married,54918,0.49,626,21039,24,6.12,0
26,Male,High School,Married,51288,0.6,617,21536,12,8.17,1
43,Male,Bachelor,Married,20000,0.22,778,19277,24,8.61,1
19,Male,High School,Single,46553,0.54,551,10174,12,5.88,1
37,Male,Bachelor,Divorced,37228,0.52,802,16795,24,13.74,0
45,Female,High School,Married,52628,0.21,418,24792,36,9.51,0
64,Male,Bachelor,Married,94778,0.3,797,5907,36,14.74,1
24,Female,High School,Single,55512,0.3,785,14061,36,12.72,0
61,Female,Master,Single,45297,0.59,344,20811,36,9.67,1
25,Male,PhD,Single,63827,0.19,613,14423,12,14.36,1
64,Female,PhD,Married,57240,0.5,478,19049,12,9.06,0
52,Female,Bachelor,Married,56301,0.27,717,22045,24,13.65,1
31,Female,High School,Single,59102,0.47,377,16160,36,7.3,0
34,Male,Bachelor,Divorced,80848,0.31,625,17544,36,7.54,0
53,Female,High School,Single,33036,0.39,656,15459,12,8.02,0
67,Female,High School,Single,57104,0.52,715,16489,24,9.56,0
57,Female,High School,Single,36104,0.5,814,25513,12,9.64,0
21,Male,Bachelor,Married,58332,0.53,513,14680,36,8.96,0
19,Female,Bachelor,Divorced,36219,0.13,373,13234,24,6.67,0
23,Male,Bachelor,Single,43739,0.45,808,20208,12,14.13,1
59,Male,Bachelor,Married,45573,0.17,631,10785,24,10.06,1
21,Male,High School,Single,64637,0.31,392,11926,24,7.89,0
46,Male,PhD,Divorced,63776,0.37,818,11958,36,10.81,0
35,Male,Bachelor,Married,31314,0.3,568,13720,12,12.22,0
43,Male,Bachelor,Married,50824,0.36,675,13939,36,14.53,1
61,Female,High School,Single,39356,0.6,303,18495,24,8.99,0
51,Male,Bachelor,Divorced,31122,0.17,437,13288,36,4.35,0
27,Female,Bachelor,Married,46744,0.44,530,18697,36,8.29,1
53,Female,High School,Single,45372,0.3,828,19320,12,8.75,0
31,Male,High School,Married,86400,0.17,351,11732,12,13.76,1
48,Female,Bachelor,Single,56494,0.18,624,19213,36,7.74,1
65,Female,Bachelor,Married,29335,0.57,576,19667,12,14.44,1
32,Female,High School,Single,41528,0.54,835,6195,36,8.82,0
25,Female,PhD,Married,65320,0.55,785,16467,36,14.69,0
31,Male,High School,Married,81326,0.6,815,12467,36,3.1,1
40,Female,Bachelor,Single,26210,0.2,451,21515,12,13.79,0
57,Male,Master,Single,21801,0.28,782,12416,24,14.17,0
38,Female,Bachelor,Single,78064,0.43,558,8302,24,14.53,0
33,Female,Bachelor,Single,55844,0.34,623,14850,12,3.16,0
62,Male,High School,Single,36975,0.31,467,10515,36,5.06,0
35,Female,High School,Married,58019,0.28,609,19247,36,10.85,0
64,Female,PhD,Single,20000,0.4,778,10956,24,3.31,0
41,Female,Bachelor,Single,50050,0.39,355,14912,36,3.76,0
43,Male,Master,Married,54917,0.18,772,22729,12,5.65,0
42,Female,High School,Single,63864,0.34,595,20492,24,9.15,0
62,Male,High School,Divorced,34791,0.38,760,17389,36,9.55,0
58,Female,High School,Married,51285,0.39,623,14362,36,3.41,0
46,Male,Bachelor,Married,36118,0.21,440,16914,24,5.04,0
32,Male,High School,Married,53830,0.47,561,18444,36,9.0,0
62,Female,Master,Married,36569,0.11,719,10066,24,10.13,0
18,Female,Bachelor,Single,43878,0.28,540,19256,12,4.78,0
42,Male,PhD,Single,35062,0.49,654,9491,12,7.79,0
24,Male,High School,Single,59767,0.38,479,17862,36,13.85,0
26,Female,Master,Married,62876,0.23,365,9465,12,14.99,0
41,Male,Bachelor,Single,46480,0.45,647,24813,24,14.85,0
18,Female,Bachelor,Married,50573,0.38,470,18816,24,13.58,1
61,Female,Master,Divorced,28271,0.5,773,7219,36,7.74,0
25,Female,Bachelor,Married,45504,0.47,833,14995,24,11.24,1
41,Female,Bachelor,Married,49246,0.41,666,12392,12,8.0,0
28,Male,High School,Single,89311,0.34,406,11801,12,10.78,0
68,Female,High School,Married,33320,0.17,738,15735,24,6.71,0
34,Male,Master,Married,71962,0.23,526,10360,36,10.27,0
25,Female,Bachelor,Single,64952,0.31,743,18807,24,9.29,0
52,Male,Bachelor,Single,54209,0.4,741,18523,36,3.29,0
52,Female,Bachelor,Divorced,76379,0.36,695,16757,12,12.49,0
50,Male,High School,Married,55581,0.24,383,14902,36,3.14,0
22,Male,High School,Married,55837,0.1,312,18299,24,6.52,0
59,Female,Bachelor,Married,49203,0.35,792,18956,12,3.07,0
56,Female,Bachelor,Married,68353,0.24,567,17274,24,7.51,1
58,Female,High School,Married,66447,0.47,824,8440,36,3.76,0
45,Female,Bachelor,Single,40614,0.11,419,11058,36,13.96,0
24,Male,High School,Single,30211,0.39,652,13659,12,7.99,0
26,Female,Bachelor,Single,46955,0.57,356,7621,36,8.51,0
25,Male,High School,Married,37999,0.19,339,16120,12,7.2,0
29,Male,Bachelor,Married,49047,0.34,635,22055,12,10.53,0
51,Female,High School,Married,68561,0.15,472,21258,24,12.41,0
50,Male,Bachelor,Single,43140,0.41,846,18698,24,10.78,1
65,Male,High School,Married,49357,0.38,558,18638,36,11.98,0
40,Male,High School,Married,50870,0.3,816,26076,24,13.87,1
41,Male,High School,Married,62726,0.36,822,19219,12,13.36,1
54,Female,Bachelor,Married,20000,0.55,416,19628,24,11.09,1
52,Female,Bachelor,Single,40899,0.2,483,7805,12,5.58,0
61,Female,High School,Married,53169,0.11,415,21664,12,10.65,0
57,Female,Bachelor,Single,68001,0.53,461,16992,24,9.07,0
39,Male,Master,Single,42621,0.39,842,14601,24,11.61,0
44,Male,Bachelor,Single,21851,0.55,536,13361,12,13.0,0
52,Female,High School,Married,59295,0.4,365,12257,24,11.91,0
18,Female,Bachelor,Divorced,40469,0.51,369,21283,12,13.16,0
52,Female,High School,Married,32155,0.31,746,14858,12,3.77,0
54,Male,High School,Married,40634,0.47,715,12441,24,3.38,0
64,Female,PhD,Married,47232,0.56,831,11142,12,6.1,0
31,Female,High School,Married,40928,0.39,740,15852,24,13.81,0
20,Female,Bachelor,Single,20000,0.19,763,13201,12,12.88,0
18,Male,Bachelor,Single,63455,0.23,695,12061,24,11.19,0
22,Male,Bachelor,Single,69123,0.2,694,8089,12,11.41,0
43,Male,Bachelor,Single,59772,0.22,625,19796,12,11.72,0
31,Male,High School,Single,32934,0.25,390,14309,24,14.31,0
56,Male,High School,Single,46977,0.38,369,9573,36,12.99,0
44,Male,Bachelor,Single,49902,0.39,465,13643,12,10.48,0
26,Male,High School,Divorced,58981,0.31,513,17745,24,10.99,0
32,Male,High School,Single,60025,0.41,634,15144,36,5.56,0
32,Female,High School,Single,38987,0.14,668,15954,24,10.89,0
43,Female,High School,Single,51229,0.14,348,15212,36,8.1,0
59,Male,High School,Married,56859,0.19,351,8615,12,4.84,0
30,Male,High School,Single,71837,0.36,588,19742,36,12.68,1
68,Female,Bachelor,Single,60567,0.21,538,6458,24,9.12,0
49,Male,Bachelor,Married,61835,0.24,432,17307,24,14.73,1
56,Male,Master,Single,51257,0.3,465,18077,36,6.38,0
66,Male,High School,Single,71156,0.51,673,13900,24,8.77,0
69,Female,High School,Single,56146,0.11,672,16767,24,8.38,0
49,Female,High School,Single,37083,0.42,777,13614,36,4.45,0
21,Female,Bachelor,Single,71050,0.43,778,16827,24,8.11,0
47,Female,Bachelor,Single,60468,0.5,599,19964,12,6.45,0
54,Female,High School,Married,43354,0.57,381,11039,24,4.92,0
40,Male,Master,Married,42807,0.11,386,18369,12,6.39,0
56,Female,High School,Married,54448,0.18,524,23461,36,5.8,0
62,Male,Bachelor,Single,56947,0.54,315,16322,36,11.81,1
32,Male,Bachelor,Divorced,52959,0.33,657,12484,24,3.37,0
60,Female,Master,Single,54669,0.38,462,26316,24,10.41,0
46,Female,Bachelor,Single,75499,0.43,813,15443,12,12.13,0
53,Male,Master,Married,66073,0.44,649,16157,12,8.77,0
30,Male,High School,Single,52859,0.57,763,16261,36,14.18,1
49,Male,Master,Single,64119,0.6,674,17239,12,11.49,1
24,Female,High School,Married,34512,0.46,391,13305,24,11.98,0
68,Female,Master,Married,55968,0.24,480,15949,36,5.36,0
39,Female,Bachelor,Single,77139,0.54,600,19760,36,12.33,0
45,Female,Master,Married,46729,0.12,488,13132,24,12.99,0
19,Female,Bachelor,Divorced,37285,0.22,613,12900,24,7.34,1
59,Male,Bachelor,Single,40218,0.55,792,13539,24,5.56,0
62,Female,Bachelor,Single,33655,0.23,427,9511,36,7.62,0
23,Male,Bachelor,Single,38228,0.21,818,11585,24,11.88,0
45,Male,High School,Single,44442,0.17,725,11382,24,8.01,0
45,Male,High School,Single,28916,0.53,486,14997,12,11.84,1
61,Female,High School,Divorced,50234,0.35,849,19180,12,4.36,0
61,Female,High School,Married,63534,0.44,752,22268,24,12.67,0
37,Female,Master,Married,36383,0.22,770,15285,36,6.04,0
47,Male,High School,Single,72789,0.48,523,17282,36,5.99,0
28,Male,PhD,Married,57661,0.48,453,16216,36,10.08,0
45,Male,High School,Divorced,65458,0.26,650,4532,24,3.84,1
42,Male,High School,Married,40132,0.31,446,9260,36,3.32,0
56,Male,Bachelor,Single,62817,0.2,648,18806,36,6.13,0
50,Male,Bachelor,Married,33620,0.59,481,19292,24,9.46,0
18,Female,Bachelor,Single,63353,0.42,478,19178,24,13.89,0
44,Female,Bachelor,Single,52577,0.57,338,14110,24,13.16,1
69,Female,Bachelor,Single,58298,0.25,302,5025,36,8.89,0
30,Female,High School,Married,32366,0.49,363,9857,12,3.44,0
58,Male,PhD,Married,36573,0.48,328,10622,36,9.42,0
20,Male,PhD,Single,58958,0.45,671,18143,12,11.46,0
56,Female,Bachelor,Single,35774,0.58,822,13213,36,7.07,0
23,Male,High School,Single,56948,0.3,396,23452,24,4.33,0
25,Female,Bachelor,Single,29492,0.17,741,22338,36,6.34,0
44,Female,High School,Single,62722,0.44,502,23368,24,12.26,0
26,Female,High School,Single,31512,0.46,710,10417,36,7.21,0
54,Male,High School,Married,58284,0.39,320,17454,24,12.74,1
50,Female,Bachelor,Single,59384,0.2,401,12612,12,6.83,0
68,Female,Master,Single,39548,0.35,345,16639,24,4.96,0
59,Female,Bachelor,Single,58730,0.26,365,10971,12,8.23,0
61,Male,Bachelor,Divorced,53906,0.31,463,21130,12,8.43,0
41,Male,Bachelor,Married,41917,0.42,410,11065,24,3.19,0
32,Female,High School,Married,34871,0.47,637,5263,36,4.4,0
49,Male,High School,Single,20560,0.22,422,25168,24,5.22,0
49,Male,PhD,Married,55244,0.3,746,17212,24,4.36,0
41,Male,High School,Single,26527,0.23,590,9654,24,7.1,0
58,Male,Master,Married,51430,0.2,711,14188,12,14.58,0
69,Male,Bachelor,Divorced,46048,0.49,580,12115,36,9.11,0
66,Male,Bachelor,Married,60187,0.55,342,15028,24,10.53,0
66,Male,Bachelor,Married,45469,0.29,785,19013,36,7.28,0
69,Male,Bachelor,Married,45058,0.48,350,18228,12,6.88,0
29,Male,Master,Single,60978,0.55,509,16268,12,3.28,1
56,Male,Master,Divorced,55025,0.52,425,15026,36,9.0,1
19,Female,Bachelor,Single,54742,0.19,791,20393,24,8.8,0
20,Female,High School,Married,57039,0.58,808,5372,12,4.89,0
66,Male,Bachelor,Single,26966,0.29,557,11255,12,12.17,0
54,Female,Master,Single,61351,0.27,487,10106,36,8.91,0
66,Female,High School,Single,59187,0.13,529,20031,24,7.07,1
34,Male,Bachelor,Single,34749,0.34,488,11304,24,4.76,0
66,Male,Bachelor,Single,46338,0.15,714,8570,24,9.63,0
19,Male,Bachelor,Married,49410,0.22,309,17746,24,12.03,0
19,Female,High School,Single,47982,0.26,413,10456,36,6.38,0
45,Female,Bachelor,Single,55007,0.5,375,13246,12,5.63,0
40,Male,Master,Married,71470,0.54,801,26905,24,9.26,0
54,Male,High School,Single,66226,0.25,384,18935,36,4.86,0
49,Male,High School,Married,30316,0.53,348,13944,12,11.0,0
50,Female,PhD,Married,59331,0.53,794,14394,24,10.26,0
18,Female,High School,Married,69933,0.48,686,19537,24,4.04,0
36,Female,Master,Married,55802,0.17,688,18314,24,3.44,0
19,Female,Bachelor,Single,66364,0.45,517,15377,24,10.44,0
61,Male,High School,Married,80184,0.57,645,15517,24,6.53,1
43,Male,Master,Single,65355,0.44,529,7600,24,4.04,0
49,Male,Bachelor,Single,53739,0.27,554,6549,24,12.11,0
23,Male,Bachelor,Married,65676,0.35,535,14115,24,6.77,0
49,Female,High School,Single,52173,0.42,325,11833,12,8.52,0
21,Female,Bachelor,Married,50358,0.36,560,17930,24,5.84,0
28,Male,High School,Married,44728,0.16,570,15985,36,10.53,0
34,Male,High School,Married,73451,0.26,422,11136,24,6.62,1
55,Female,PhD,Divorced,37723,0.5,556,15815,36,14.62,0
41,Male,High School,Single,72985,0.53,720,12908,24,11.44,1
22,Female,Bachelor,Single,57497,0.17,558,25333,36,4.64,1
69,Male,High School,Married,29010,0.58,346,16931,36,8.0,1
51,Male,Bachelor,Single,55514,0.26,824,7196,12,7.63,0
23,Male,High School,Married,20000,0.43,507,24102,24,9.41,0
39,Male,PhD,Married,59382,0.48,610,11834,24,13.1,0
28,Male,Bachelor,Married,63278,0.51,448,10126,24,10.0,0
65,Male,High School,Single,41114,0.57,737,25718,12,3.74,0
33,Male,High School,Single,51853,0.26,454,16729,36,10.86,0
50,Female,High School,Single,79312,0.53,389,18503,12,3.1,0
26,Female,Bachelor,Single,42413,0.17,657,18665,24,12.36,1
23,Female,High School,Married,34116,0.45,473,13970,24,11.0,0
33,Female,Master,Single,72224,0.47,516,12137,12,6.71,0
46,Female,Bachelor,Single,79438,0.44,755,12953,36,6.51,0
20,Male,High School,Single,50055,0.23,498,23044,36,12.58,0
37,Male,Bachelor,Married,65171,0.54,785,16018,24,12.4,0
53,Female,Bachelor,Married,70122,0.18,832,21564,24,7.23,1
36,Male,High School,Single,38862,0.13,499,14617,12,6.59,0
43,Female,High School,Single,42720,0.46,670,11223,36,9.72,0
20,Female,High School,Single,68463,0.34,747,7788,12,3.1,1
36,Male,Bachelor,Single,75275,0.52,547,18240,24,3.99,0
37,Male,Bachelor,Married,58443,0.29,563,23470,36,4.51,0
49,Male,Bachelor,Married,36802,0.18,357,10570,12,5.22,1
24,Female,Master,Single,79805,0.52,601,17566,36,9.14,0
69,Male,Master,Single,42035,0.37,330,8121,12,14.91,0
58,Female,Bachelor,Divorced,44972,0.19,797,12221,36,10.83,0
50,Female,Master,Single,55135,0.46,548,16339,12,3.74,0
57,Female,High School,Married,73312,0.36,570,6358,24,9.31,1
56,Male,High School,Single,62809,0.4,693,14909,12,8.96,0
35,Male,High School,Single,56222,0.33,801,10816,36,4.73,0
57,Female,High School,Single,56949,0.51,383,18023,24,14.04,1
18,Male,Bachelor,Married,50652,0.51,664,14172,12,8.29,1
28,Male,Master,Divorced,58372,0.45,848,19697,24,14.93,1
45,Male,High School,Single,20000,0.15,641,13602,24,8.04,0
42,Female,High School,Single,45550,0.52,706,8188,24,10.3,0
67,Female,Bachelor,Single,53619,0.44,724,7565,36,4.26,0
40,Male,Master,Single,32734,0.45,392,5454,24,8.45,0
48,Female,High School,Single,55794,0.28,711,18164,12,5.87,0
47,Male,Bachelor,Single,46932,0.54,731,27788,12,13.03,0
59,Male,High School,Married,76332,0.46,458,17176,24,12.41,0
52,Male,High School,Single,73595,0.16,313,23360,24,12.89,1
24,Male,PhD,Single,43012,0.3,672,20667,24,11.68,0
33,Female,PhD,Divorced,47737,0.54,524,12408,12,12.99,0
43,Female,High School,Single,48890,0.12,804,21326,24,5.41,0
65,Female,PhD,Divorced,43225,0.58,372,12607,36,8.42,0
69,Male,Bachelor,Single,52925,0.44,548,12706,12,11.3,0
66,Male,Master,Married,38625,0.42,810,13957,24,10.65,0
19,Male,Bachelor,Married,33040,0.24,515,14194,36,11.6,0
18,Female,Bachelor,Married,59340,0.22,840,18306,36,5.69,0
65,Male,Bachelor,Divorced,59442,0.57,519,11645,24,4.18,0
29,Female,Bachelor,Single,37935,0.25,520,19445,24,14.0,0
22,Female,High School,Divorced,63430,0.49,688,19373,36,9.72,0
54,Female,High School,Single,40526,0.3,341,16714,12,4.85,0
49,Female,High School,Single,53797,0.17,582,24698,24,12.52,0
26,Female,Bachelor,Single,62305,0.11,357,21436,12,13.98,0
58,Female,High School,Married,49495,0.37,836,20348,24,5.03,0
52,Male,Bachelor,Single,56821,0.59,372,15330,24,12.81,0
36,Male,PhD,Married,42253,0.28,428,16758,36,14.2,1
65,Female,High School,Married,47053,0.28,725,17619,12,14.26,0
33,Female,Bachelor,Married,46912,0.27,424,15066,24,13.97,1
20,Male,Bachelor,Married,38801,0.36,366,13122,24,9.56,0
37,Female,Master,Single,47348,0.32,305,2971,24,7.27,0
41,Female,High School,Single,26770,0.54,613,18588,36,3.09,0
50,Male,Bachelor,Single,42632,0.35,625,20207,24,3.73,0
41,Female,Master,Single,45726,0.35,805,9194,36,8.15,0
69,Female,Master,Single,46157,0.17,381,18025,24,7.79,0
28,Female,Bachelor,Single,46377,0.59,301,12042,24,5.22,0
66,Male,Bachelor,Single,49073,0.22,503,13167,36,7.75,0
25,Male,Bachelor,Divorced,57191,0.14,703,21553,12,5.1,1
53,Male,Master,Married,63117,0.43,402,10046,12,13.19,1
55,Female,Bachelor,Single,40253,0.4,835,10039,36,6.58,0
57,Female,High School,Married,31951,0.31,667,24024,24,10.18,0
37,Male,Master,Single,34369,0.31,511,14272,36,9.03,1
52,Female,Bachelor,Single,42691,0.49,508,21232,36,3.62,0
65,Female,Bachelor,Married,44721,0.2,416,7006,24,14.31,0
42,Female,High School,Single,38450,0.51,777,7406,24,9.33,1
52,Female,Bachelor,Single,30558,0.42,404,10435,24,6.9,0
42,Female,High School,Divorced,43158,0.31,794,12592,24,4.9,0
46,Male,Bachelor,Married,52721,0.33,345,7983,36,7.06,0
35,Female,High School,Married,58925,0.23,630,16846,36,3.25,0
63,Male,Bachelor,Married,41638,0.48,515,17172,24,7.36,1
35,Female,PhD,Married,43805,0.36,791,10509,12,9.38,0
19,Male,High School,Single,36099,0.26,748,10907,24,13.46,1
52,Female,PhD,Single,49528,0.4,835,11566,12,11.25,1
33,Male,Bachelor,Single,37273,0.6,810,9175,36,4.34,0
58,Female,Master,Single,58596,0.32,757,2000,12,4.77,0
53,Male,Bachelor,Married,23212,0.56,846,14574,36,8.14,0
50,Female,Bachelor,Single,44605,0.27,835,12847,24,5.35,0
21,Male,Bachelor,Divorced,54516,0.13,839,13359,36,3.33,0
50,Female,Master,Divorced,52757,0.2,783,9940,24,12.66,0
31,Male,Bachelor,Married,90395,0.31,315,19052,24,3.23,0
38,Male,High School,Married,55247,0.21,542,27126,24,12.97,0
65,Female,Bachelor,Married,34939,0.1,506,10829,36,4.73,0
37,Female,Master,Single,48568,0.56,570,21998,24,14.7,1
25,Male,Bachelor,Married,23356,0.52,414,16833,24,10.25,0
24,Female,Bachelor,Single,48791,0.47,598,15177,24,11.82,1
20,Male,Bachelor,Married,37504,0.18,782,13279,12,4.33,0
34,Male,Master,Single,63730,0.16,696,14583,24,13.35,0
50,Male,High School,Married,41756,0.13,693,20747,36,13.07,0
65,Female,Bachelor,Divorced,48248,0.46,374,9309,12,10.84,0
29,Male,High School,Single,40466,0.56,781,13624,24,9.03,0
68,Male,High School,Single,76082,0.32,402,21245,24,11.66,0
39,Female,High School,Divorced,45181,0.16,596,19918,24,3.07,0
39,Female,High School,Single,77488,0.36,477,9387,12,10.11,0
63,Female,Bachelor,Married,62212,0.27,514,14087,24,13.17,0
47,Female,High School,Married,57231,0.29,614,18640,12,7.28,0
55,Male,Bachelor,Single,55530,0.41,338,18317,12,4.3,0
55,Male,High School,Single,55906,0.46,558,19875,36,8.05,0
62,Male,High School,Single,21084,0.16,306,16921,24,11.73,1
68,Male,High School,Married,45816,0.12,348,17759,36,4.29,1
25,Female,High School,Single,62677,0.6,837,16713,12,5.47,1
44,Male,Bachelor,Married,49266,0.22,460,22898,24,4.77,0
44,Male,Bachelor,Single,28922,0.13,475,12890,12,12.56,0
51,Female,Bachelor,Married,49213,0.19,301,15240,24,3.75,0
38,Male,Bachelor,Married,75561,0.12,754,9925,36,11.24,0
47,Male,High School,Divorced,68703,0.3,575,8939,36,7.4,1
50,Male,Master,Single,49069,0.5,797,16624,12,12.07,0
45,Male,Bachelor,Married,64271,0.27,327,11379,24,14.57,0
64,Male,Bachelor,Married,44502,0.32,632,14711,24,4.37,0
50,Male,High School,Married,24441,0.44,300,23088,12,6.77,1
22,Female,High School,Divorced,36133,0.35,487,22799,12,12.72,0
65,Female,High School,Single,73443,0.53,355,26120,36,6.19,0
36,Male,High School,Single,45890,0.53,846,23188,36,5.58,0
21,Male,Bachelor,Married,46349,0.1,411,27015,36,12.9,0
52,Female,Bachelor,Single,45502,0.49,609,17182,36,14.84,1
66,Male,Bachelor,Married,78562,0.33,335,10484,24,9.68,0
34,Male,Bachelor,Married,74389,0.59,738,9998,24,6.34,0
61,Male,Master,Single,83281,0.34,624,21981,12,7.78,1
45,Female,Bachelor,Married,47614,0.59,606,15258,12,5.04,0
47,Male,PhD,Single,54434,0.48,833,15630,24,12.14,0
46,Female,High School,Married,27250,0.22,408,12254,36,12.28,0
63,Male,High School,Married,72154,0.37,671,12854,36,13.5,0
23,Female,High School,Divorced,32483,0.6,656,16918,36,3.32,0
52,Female,Bachelor,Single,53251,0.53,480,9723,36,9.74,0
58,Male,Master,Single,33540,0.15,655,16285,36,5.57,1
54,Female,High School,Married,41166,0.45,367,22555,12,7.09,0
41,Male,Master,Married,37441,0.27,591,4331,36,12.42,1
46,Female,High School,Married,40881,0.1,480,7293,24,5.3,0
66,Male,Master,Single,41913,0.3,765,18378,12,10.66,0
63,Male,High School,Single,41775,0.22,733,21819,36,10.85,1
48,Female,High School,Single,62500,0.51,763,12550,36,14.45,0
52,Male,Bachelor,Married,33427,0.27,833,5008,12,12.3,0
50,Male,High School,Single,53308,0.51,365,22159,12,12.64,0
69,Female,High School,Single,68269,0.1,320,10944,24,9.38,0
38,Male,High School,Divorced,42302,0.25,683,13193,24,5.24,0
49,Male,Master,Single,39231,0.22,338,16595,36,8.11,0
40,Female,Bachelor,Divorced,46542,0.22,584,11667,12,9.59,0
50,Female,High School,Married,67695,0.13,635,10619,12,11.14,0
20,Male,Bachelor,Married,52911,0.19,487,10710,12,10.29,1
35,Male,Bachelor,Single,42031,0.38,542,24289,12,7.73,1
42,Female,High School,Single,57258,0.25,372,20798,12,6.18,0
59,Female,Bachelor,Married,33465,0.31,778,17872,36,5.02,1
48,Male,High School,Married,60220,0.29,400,4067,24,11.33,0
20,Female,High School,Married,56129,0.54,813,17890,24,10.74,0
57,Male,Bachelor,Single,45382,0.55,475,17621,12,11.25,0
63,Male,High School,Married,37421,0.35,537,8609,12,7.47,0
41,Male,Bachelor,Married,36699,0.27,358,16293,36,6.15,0
67,Male,Bachelor,Married,58022,0.15,398,20257,24,12.12,0
49,Male,High School,Married,68434,0.58,794,17846,36,12.28,0
64,Female,Bachelor,Married,40440,0.13,813,11599,24,8.47,0
39,Female,High School,Married,56875,0.25,596,15066,24,10.34,1
40,Female,PhD,Single,20000,0.25,510,18651,24,7.48,0
19,Female,Bachelor,Single,41230,0.26,422,15297,24,11.42,0
44,Male,Master,Single,49534,0.18,528,21271,36,13.03,0
59,Male,Bachelor,Single,36354,0.49,687,16978,12,11.26,0
19,Male,High School,Single,35952,0.16,439,18764,24,9.15,0
43,Male,Bachelor,Single,39983,0.42,840,19107,12,8.5,0
34,Female,PhD,Single,54382,0.16,690,9666,24,10.71,0
57,Male,Bachelor,Single,47190,0.14,569,15249,36,11.16,1
50,Male,Master,Married,20000,0.55,311,13338,24,9.7,0
26,Female,Master,Divorced,20000,0.2,688,20219,24,10.5,1
60,Female,High School,Single,40897,0.51,636,17316,36,4.16,1
65,Female,High School,Divorced,56865,0.37,805,14058,24,14.42,0
56,Female,Bachelor,Married,20000,0.14,405,8590,12,12.49,0
46,Male,Bachelor,Single,42504,0.58,331,7015,12,7.49,0
59,Male,Master,Single,42106,0.22,373,16551,36,9.75,0
43,Female,Master,Married,70825,0.53,470,11413,36,3.57,0
52,Male,High School,Married,44224,0.18,368,18330,24,3.49,0
67,Male,High School,Married,55744,0.53,661,6784,24,6.01,0
42,Male,Bachelor,Single,52118,0.11,732,22964,36,11.28,1
41,Female,High School,Single,20000,0.36,399,18319,12,13.23,0
30,Male,Master,Single,61523,0.48,308,15495,24,9.71,1
24,Female,Bachelor,Single,53230,0.57,328,23415,12,9.39,0
53,Male,Bachelor,Single,57624,0.55,413,19742,36,7.83,1
62,Male,High School,Single,108893,0.51,761,12624,12,4.94,0
37,Male,Bachelor,Married,20000,0.54,442,15387,24,4.42,0
18,Female,Bachelor,Divorced,75870,0.2,689,5178,12,12.13,0
25,Male,Bachelor,Single,45688,0.24,456,20320,24,14.13,0
63,Female,High School,Divorced,54309,0.24,634,13520,36,8.5,0
33,Female,Bachelor,Single,49317,0.29,559,5113,24,10.91,0
31,Female,Master,Single,43636,0.3,381,9090,24,13.97,0
29,Male,High School,Single,41452,0.37,740,19354,24,4.08,0
68,Male,High School,Married,54942,0.18,471,23069,24,12.25,0
40,Male,High School,Divorced,27242,0.45,530,15102,36,10.4,0
32,Male,Bachelor,Married,61258,0.18,374,10089,12,10.18,0
45,Female,Bachelor,Single,43757,0.26,569,7896,36,6.51,1
51,Female,Bachelor,Married,33048,0.35,361,22073,12,11.21,0
19,Female,High School,Single,43249,0.5,619,17247,12,12.54,0
49,Male,High School,Married,68857,0.47,401,13349,24,4.35,1
40,Female,Bachelor,Married,41969,0.42,728,12158,24,9.4,0
39,Male,Bachelor,Single,55376,0.18,554,18359,24,4.22,0
68,Female,PhD,Married,39035,0.37,831,18221,36,13.47,0
42,Male,High School,Married,61368,0.14,411,10517,12,9.09,0
39,Male,Bachelor,Single,60282,0.29,612,9288,12,12.7,0
39,Female,Bachelor,Married,77729,0.31,760,9540,36,7.42,0
66,Female,Bachelor,Single,47366,0.12,761,12658,36,4.5,0
69,Female,Bachelor,Married,60029,0.24,391,11551,12,3.5,0
59,Female,Bachelor,Married,51471,0.58,351,23090,24,6.38,0
23,Male,PhD,Married,69438,0.58,819,12481,24,5.93,1
32,Female,High School,Married,39217,0.28,397,8751,36,9.72,0
60,Female,High School,Married,61175,0.12,535,9032,36,3.26,1
54,Female,Bachelor,Single,47079,0.19,673,14080,36,9.25,1
50,Male,Bachelor,Married,49037,0.3,533,5889,36,7.7,0
25,Male,High School,Single,51376,0.57,331,14699,12,9.93,0
61,Female,High School,Single,53783,0.17,588,8318,36,11.43,0
61,Male,High School,Single,48256,0.48,841,20793,24,10.61,1
22,Female,Master,Single,53220,0.15,413,15582,12,14.82,0
56,Male,High School,Married,73671,0.59,503,25605,24,4.66,1
21,Male,High School,Single,64781,0.29,328,13858,36,8.16,0
23,Male,High School,Married,63037,0.49,773,2000,36,8.1,0
62,Male,High School,Single,43166,0.27,552,22288,12,8.0,0
49,Female,High School,Single,36661,0.41,685,17509,36,10.97,0
69,Female,Bachelor,Married,64329,0.2,361,18284,36,8.88,0
47,Female,High School,Single,63140,0.17,814,9987,12,9.21,0
64,Male,Master,Single,72090,0.57,729,14785,24,8.19,0
52,Female,High School,Married,40940,0.56,836,15932,36,14.9,0
57,Female,Bachelor,Single,46556,0.54,440,13810,24,14.13,1
69,Female,Master,Married,25407,0.41,599,6328,12,6.69,1
33,Male,Bachelor,Single,44112,0.5,610,28843,36,4.34,0
30,Male,Bachelor,Single,64948,0.13,770,19179,36,13.08,0
67,Male,High School,Married,43002,0.27,692,17102,24,14.97,0
59,Female,High School,Single,59607,0.26,744,21569,36,6.51,0
47,Female,Bachelor,Single,47142,0.42,471,18220,24,7.29,0
36,Female,PhD,Single,54860,0.28,330,11613,12,14.3,0
34,Male,Bachelor,Single,32784,0.17,346,21248,24,11.53,1
36,Male,Bachelor,Married,51278,0.4,429,19261,24,6.55,1
45,Female,Bachelor,Single,20000,0.51,651,11803,36,9.97,0
43,Male,Bachelor,Married,47196,0.29,357,18950,12,14.33,0
54,Male,High School,Married,25542,0.17,405,13797,24,12.74,0
43,Male,Bachelor,Single,68089,0.2,629,16042,24,11.9,0
40,Male,PhD,Divorced,61661,0.22,682,17998,36,11.84,0
26,Female,High School,Single,57000,0.25,461,21842,12,5.14,0
29,Male,Bachelor,Divorced,72815,0.42,585,11770,12,12.9,0
18,Male,High School,Single,35766,0.4,370,16824,12,6.31,1
18,Male,Bachelor,Married,76210,0.45,753,25078,36,14.16,0
64,Male,High School,Single,63982,0.28,696,14119,12,7.38,1
51,Female,Bachelor,Single,46451,0.51,814,15982,12,13.29,1
49,Female,Bachelor,Married,67034,0.2,325,25071,12,6.19,1
65,Male,High School,Married,33405,0.33,612,18187,36,9.17,0
42,Male,Bachelor,Single,37632,0.5,425,7630,12,4.28,0
57,Male,Bachelor,Single,40871,0.19,707,11022,24,10.92,0
62,Male,Master,Married,42065,0.15,497,18447,12,13.03,0
18,Male,High School,Married,34151,0.54,487,17115,24,11.62,0
33,Male,High School,Divorced,68346,0.27,783,15812,36,9.28,0
56,Female,High School,Married,46117,0.44,749,25806,24,3.54,0
22,Male,PhD,Divorced,55287,0.11,822,11912,36,14.2,0
39,Female,Master,Married,41444,0.45,653,14627,36,11.47,1
46,Female,Bachelor,Single,22690,0.26,399,5184,24,11.95,0
20,Male,Master,Single,54050,0.13,577,20803,36,12.54,0
29,Female,Bachelor,Married,21316,0.4,790,11005,36,11.97,0
43,Female,Bachelor,Married,48970,0.22,554,20285,36,8.29,0
33,Female,High School,Single,29475,0.29,680,19760,24,11.8,0
68,Female,Bachelor,Single,79809,0.14,841,26745,24,10.5,0
54,Female,High School,Divorced,63670,0.17,563,18246,24,13.25,0
39,Female,Master,Married,51586,0.25,628,13219,36,12.63,0
46,Male,Bachelor,Single,68955,0.14,414,17268,12,3.5,0
31,Female,Bachelor,Single,37305,0.56,575,11203,12,7.55,0
45,Female,High School,Single,58152,0.1,787,16595,24,3.42,0
22,Female,High School,Single,52997,0.34,580,13995,12,4.22,0
64,Male,High School,Single,53960,0.16,574,14648,24,10.22,0
66,Female,High School,Single,69085,0.25,627,10508,12,13.49,1
47,Male,High School,Married,60987,0.56,510,16502,24,4.44,1
63,Female,Master,Single,54330,0.18,325,19121,36,8.41,0
69,Male,Bachelor,Married,25176,0.58,326,6739,24,13.93,0
22,Male,High School,Married,35599,0.2,382,11557,36,12.77,0
29,Female,High School,Single,48159,0.47,712,15840,12,9.24,0
33,Female,Bachelor,Married,51400,0.37,466,3263,12,12.26,0
43,Male,Bachelor,Single,33046,0.54,468,23701,36,9.27,0
43,Female,Bachelor,Married,86175,0.38,528,11444,36,4.9,0
65,Male,Master,Single,72745,0.37,666,10309,24,4.5,0
38,Male,Bachelor,Married,59031,0.2,827,13963,36,5.26,0
56,Male,PhD,Married,51080,0.18,837,15686,36,7.21,0
53,Male,Master,Single,46816,0.56,823,11217,36,14.17,0
50,Male,High School,Single,35721,0.26,371,19902,24,12.6,0
47,Female,Master,Married,51162,0.29,405,16998,12,8.19,0
54,Male,High School,Married,53866,0.48,581,10813,24,8.92,0
40,Male,Master,Single,31373,0.27,432,12387,24,6.19,0
27,Female,High School,Married,55012,0.58,833,7416,12,11.45,0
22,Male,Master,Single,47671,0.47,568,8733,36,12.63,0
53,Female,Master,Married,21382,0.4,711,16937,12,5.87,0
51,Female,Master,Single,37094,0.54,317,10865,24,3.5,0
69,Female,Bachelor,Married,43795,0.12,416,24021,24,10.49,0
48,Male,High School,Single,78315,0.23,443,15354,36,9.75,0
27,Male,High School,Single,58348,0.33,721,8235,24,7.83,0
36,Male,Bachelor,Single,29967,0.21,668,9283,36,10.73,1
49,Female,High School,Single,57290,0.47,349,20264,24,9.61,1
18,Male,Bachelor,Married,26790,0.56,405,14617,36,6.01,0
22,Female,High School,Single,66240,0.31,515,19959,36,7.77,1
62,Male,PhD,Married,42933,0.27,724,13167,24,8.14,0
21,Female,Bachelor,Single,48595,0.58,371,12198,36,13.56,0
33,Male,Master,Single,69886,0.32,745,20597,12,14.53,0
41,Male,High School,Single,30692,0.34,485,10707,24,13.72,1
33,Male,Master,Single,29043,0.28,369,17445,12,11.63,0
19,Female,Master,Single,41246,0.55,449,13941,12,10.02,1
66,Female,Bachelor,Single,65575,0.38,545,19393,36,11.27,0
45,Male,Bachelor,Single,27209,0.48,837,24092,12,14.27,0
49,Male,Bachelor,Single,20000,0.51,398,13039,24,6.0,0
44,Female,High School,Married,43232,0.27,577,12264,24,9.42,0
37,Female,Bachelor,Married,58276,0.32,754,18329,24,11.28,0
41,Female,High School,Single,68003,0.52,403,9589,24,11.15,0
29,Male,High School,Single,43052,0.28,532,23082,36,6.03,0
67,Female,High School,Divorced,43828,0.5,693,22230,12,10.04,0
52,Male,High School,Married,67308,0.57,800,10004,24,12.55,0
50,Female,High School,Married,21953,0.41,550,7084,24,8.7,1
50,Male,High School,Single,44172,0.47,820,9197,24,12.52,0
68,Female,PhD,Married,52856,0.5,378,9273,24,7.32,0
60,Female,Bachelor,Married,56738,0.52,351,19008,36,14.27,0
54,Female,PhD,Married,42352,0.3,525,22745,24,9.41,0
29,Female,Bachelor,Divorced,50516,0.13,350,18950,24,10.15,1
20,Female,High School,Single,20000,0.3,485,13819,12,3.38,1
18,Male,Bachelor,Single,40126,0.44,333,16712,24,5.04,0
50,Female,Bachelor,Married,56802,0.33,430,10651,36,10.6,0
57,Female,High School,Married,35265,0.47,742,20486,12,8.04,1
27,Female,Bachelor,Single,50884,0.28,731,17160,24,9.1,1
60,Male,High School,Single,56703,0.42,796,18865,36,3.76,1
61,Female,Bachelor,Single,44861,0.19,702,11362,24,13.01,1
46,Male,Bachelor,Single,52556,0.47,622,14157,12,12.41,0
30,Female,High School,Married,35559,0.37,509,18625,24,5.22,0
29,Female,High School,Married,46900,0.2,628,22217,12,10.61,0
48,Male,Bachelor,Single,59153,0.25,671,11959,36,12.82,0
63,Female,Bachelor,Single,52354,0.47,759,18902,12,10.69,0
19,Male,High School,Single,41202,0.34,432,11439,36,6.72,0
68,Male,PhD,Single,53363,0.21,420,25585,24,10.87,0
67,Female,High School,Married,60719,0.58,751,12925,36,5.53,0
52,Male,Bachelor,Divorced,20000,0.46,428,18217,12,6.82,0
40,Female,PhD,Married,67386,0.58,390,15828,24,5.88,0
34,Female,High School,Single,44956,0.31,328,28026,24,9.68,0
43,Male,High School,Married,56382,0.34,823,16149,24,4.3,1
25,Male,High School,Married,67958,0.55,632,12424,24,14.2,1
46,Male,High School,Married,29424,0.36,596,18197,36,7.0,0
43,Male,High School,Single,39358,0.45,429,18086,36,5.63,0
27,Female,Bachelor,Single,45671,0.23,592,14212,12,8.96,0
43,Female,High School,Single,38243,0.32,472,9526,12,6.32,0
51,Male,Bachelor,Single,76024,0.16,323,12360,36,9.42,0
68,Female,PhD,Single,37148,0.2,398,19407,12,7.18,0
58,Female,Master,Single,41666,0.1,705,6262,36,4.58,1
24,Female,Bachelor,Single,53065,0.12,655,13759,24,6.19,0
21,Female,High School,Married,31967,0.59,438,19974,24,8.26,0
67,Male,Bachelor,Single,44064,0.22,802,14532,12,3.36,0
62,Male,Bachelor,Single,54761,0.43,473,25868,12,12.25,0
28,Female,Bachelor,Divorced,45007,0.52,328,6276,24,10.46,0
46,Male,High School,Divorced,48599,0.38,795,10193,36,10.22,1
53,Male,Master,Married,42060,0.18,650,3426,36,9.55,0
42,Male,Bachelor,Divorced,27282,0.46,598,24968,12,10.08,0
38,Female,High School,Married,54823,0.4,491,10275,12,14.22,0
53,Female,High School,Divorced,76323,0.47,363,5065,12,3.1,0
27,Female,Bachelor,Single,50276,0.48,514,11940,36,3.57,0
54,Male,Master,Single,53378,0.59,465,8035,12,5.3,0
26,Female,Bachelor,Single,60390,0.39,842,11976,12,5.01,0
41,Female,Bachelor,Single,30960,0.27,531,15206,12,5.17,0
52,Male,High School,Single,75537,0.42,840,19024,24,11.06,1
66,Female,Bachelor,Married,53034,0.13,494,14126,36,8.51,0
52,Female,Bachelor,Married,74477,0.55,805,15126,24,14.9,0
65,Male,High School,Married,39004,0.16,633,12092,12,5.72,0
53,Male,High School,Single,77270,0.26,603,7441,24,6.73,0
35,Male,Bachelor,Married,61627,0.51,736,5767,24,14.81,0
66,Female,High School,Married,58295,0.4,622,13177,12,12.98,0
56,Female,Bachelor,Single,53510,0.3,801,15423,12,8.64,0
49,Female,High School,Married,46272,0.34,692,12806,24,9.66,0
41,Male,High School,Single,68007,0.53,448,5953,12,13.12,0
40,Male,High School,Single,52105,0.27,704,16007,12,8.77,0
49,Female,PhD,Divorced,20493,0.53,582,23146,24,5.47,0
54,Female,Master,Single,33242,0.14,661,14426,36,12.94,0
29,Male,PhD,Single,47212,0.49,678,12102,24,9.45,1
66,Male,Bachelor,Married,54649,0.52,497,14697,24,4.84,0
30,Male,High School,Married,49151,0.19,655,9478,24,9.07,0
40,Male,Bachelor,Single,68284,0.32,839,9155,24,7.96,0
42,Female,Bachelor,Single,20733,0.18,728,17257,12,13.52,0
52,Male,Master,Single,52153,0.45,316,19951,36,4.51,0
58,Female,High School,Married,22730,0.37,678,14264,12,13.5,1
47,Female,Bachelor,Single,61395,0.42,805,5131,24,9.15,0
34,Female,High School,Single,48583,0.2,375,16766,36,7.85,1
66,Male,High School,Divorced,56294,0.21,530,25336,24,4.94,0
37,Male,Bachelor,Married,37041,0.12,547,13780,36,11.41,0
65,Male,Bachelor,Single,69191,0.26,601,14110,24,14.12,0
42,Male,High School,Married,65625,0.38,514,10636,36,7.5,0
39,Female,High School,Married,58753,0.53,457,17406,36,5.9,0
30,Male,Bachelor,Single,48057,0.43,368,11645,36,9.66,1
36,Male,Bachelor,Single,58697,0.32,692,20107,36,12.55,0
66,Female,Master,Married,39396,0.58,384,11712,36,3.05,1
53,Male,PhD,Single,62833,0.46,566,16708,36,10.58,1
29,Female,Bachelor,Married,74742,0.57,368,14768,24,10.16,1
58,Female,High School,Single,66059,0.36,646,22775,12,6.82,0
36,Female,Bachelor,Single,39055,0.23,722,17047,24,8.42,0
29,Female,Bachelor,Single,55421,0.13,473,21935,36,5.96,0
26,Female,High School,Single,30602,0.46,414,15543,36,12.48,0
24,Female,Master,Single,58585,0.16,519,14146,36,10.61,0
45,Female,High School,Single,56759,0.25,330,14809,36,9.39,0
31,Female,Master,Married,21952,0.37,822,11142,12,7.71,0
48,Male,Bachelor,Divorced,32573,0.38,642,17658,12,6.5,1
69,Male,Bachelor,Married,45752,0.4,676,11548,24,12.87,1
36,Male,Bachelor,Married,45487,0.18,429,15562,12,8.42,0
64,Male,Master,Single,31857,0.29,838,19276,24,9.02,0
33,Female,Bachelor,Divorced,55834,0.41,301,22917,36,9.25,0
22,Male,Bachelor,Single,53772,0.58,400,15814,36,8.38,0
52,Female,High School,Divorced,47085,0.46,832,19306,24,6.07,0
29,Male,Bachelor,Divorced,38663,0.56,357,18709,12,4.44,0
42,Male,High School,Married,65730,0.48,688,13088,24,4.18,0
69,Male,Bachelor,Divorced,74831,0.4,640,25539,24,12.09,0
38,Female,Bachelor,Married,42746,0.2,319,12118,24,5.68,0
53,Male,Bachelor,Single,40817,0.43,554,15454,12,3.67,0
40,Female,High School,Single,57368,0.41,616,22270,24,12.57,1
33,Female,High School,Married,44629,0.4,337,22147,12,4.85,0
56,Male,Bachelor,Single,47909,0.34,836,15071,36,10.5,0
62,Male,High School,Married,61094,0.36,685,19952,12,7.06,0
59,Male,High School,Divorced,21359,0.27,325,13880,12,4.52,0
56,Female,High School,Single,69774,0.36,753,12556,12,7.97,0
31,Male,PhD,Married,51090,0.2,622,8936,24,3.18,0
48,Female,Bachelor,Divorced,43827,0.5,812,18619,24,13.09,0
22,Female,High School,Divorced,48661,0.19,312,19146,36,9.16,0
52,Male,High School,Divorced,49436,0.14,670,12160,24,4.67,0
40,Male,High School,Married,24031,0.32,590,16340,24,5.84,0
46,Female,Bachelor,Divorced,72424,0.43,631,28254,24,8.38,0
60,Female,Bachelor,Married,50619,0.32,560,20733,24,5.27,0
28,Female,High School,Single,56645,0.24,504,10492,12,6.22,0
35,Male,High School,Single,64273,0.38,686,20007,24,9.41,1
64,Female,High School,Married,34682,0.27,767,10515,36,12.99,1
29,Male,Bachelor,Single,57102,0.57,714,2000,36,7.82,0
26,Female,Bachelor,Married,45985,0.56,368,14897,36,11.6,1
27,Female,High School,Married,62701,0.35,771,22816,12,13.52,0
61,Male,High School,Single,20000,0.26,403,21987,12,5.6,1
34,Female,High School,Married,48513,0.47,460,16886,36,12.69,0
55,Male,PhD,Married,40957,0.12,499,12291,12,12.09,0
24,Male,High School,Single,56483,0.34,515,17432,12,7.28,1
63,Female,Bachelor,Single,57050,0.27,511,13654,12,14.87,0
30,Male,Bachelor,Single,39385,0.56,807,12431,24,6.15,0
57,Male,High School,Single,39317,0.11,315,20310,12,6.06,0
59,Female,High School,Divorced,48340,0.38,797,12369,24,12.27,0
26,Male,High School,Single,36550,0.47,631,20636,24,8.22,0
67,Male,Bachelor,Married,62629,0.34,555,12039,36,6.97,0
44,Male,Bachelor,Single,44461,0.14,471,25292,12,5.14,1
19,Female,Bachelor,Single,20000,0.59,797,6796,24,12.18,0
22,Male,Bachelor,Married,44377,0.36,770,10216,24,12.44,1
46,Female,High School,Married,34421,0.41,683,14223,24,9.8,1
54,Female,PhD,Single,25530,0.22,806,5079,24,14.49,0
55,Male,Bachelor,Single,31438,0.34,826,2145,36,6.82,0
36,Male,High School,Single,51641,0.31,624,5122,12,5.64,1
25,Male,PhD,Single,69929,0.14,513,13539,36,11.13,0
65,Female,Bachelor,Married,54697,0.15,507,13666,24,12.1,0
62,Male,Bachelor,Single,40902,0.52,468,16664,12,5.7,0
18,Male,Bachelor,Single,56838,0.22,629,14014,36,3.92,0
39,Male,Master,Single,43113,0.2,579,16497,24,12.73,0
69,Male,Bachelor,Divorced,39580,0.35,604,12748,12,14.72,0
34,Male,High School,Divorced,32684,0.48,445,18574,12,10.74,0
24,Female,High School,Single,23722,0.13,815,17971,12,6.33,0
42,Female,Master,Married,44151,0.39,389,13366,24,14.96,1
62,Male,High School,Single,52370,0.16,752,17665,12,13.72,0
21,Male,High School,Single,48550,0.12,359,14046,12,9.16,1
53,Male,Bachelor,Married,43760,0.13,610,7388,12,12.9,0
23,Male,Bachelor,Divorced,35813,0.52,827,19522,36,12.79,0
48,Female,Bachelor,Divorced,59123,0.16,526,10465,36,14.22,0
36,Male,Master,Married,30243,0.12,773,19469,36,13.09,1
61,Female,High School,Single,61640,0.32,840,16620,12,10.72,0
56,Female,High School,Married,34966,0.52,378,14577,36,10.31,0
44,Male,High School,Single,38713,0.23,732,5615,24,8.61,1
27,Female,Master,Married,27998,0.31,452,22698,36,10.52,0
43,Female,Bachelor,Single,42478,0.12,700,13184,24,12.54,0
36,Female,High School,Married,64629,0.32,578,18172,24,14.63,0
56,Female,Master,Single,57734,0.39,356,14430,36,8.61,1
20,Male,Master,Single,64676,0.39,485,13642,12,9.88,0
62,Male,Master,Divorced,57832,0.27,697,15964,24,8.34,0
30,Female,Master,Single,33444,0.26,457,15132,36,11.02,1
67,Male,High School,Married,45038,0.15,658,13665,36,10.56,0
45,Male,Bachelor,Single,38297,0.28,739,14723,36,3.21,0
37,Male,Bachelor,Single,69958,0.15,765,17135,24,9.49,0
45,Male,Master,Single,32048,0.48,745,17489,12,4.06,0
25,Male,Bachelor,Single,63405,0.58,787,15216,12,3.32,0
58,Female,Bachelor,Married,63394,0.59,829,18104,24,12.49,1
56,Male,Bachelor,Single,77444,0.53,372,12879,24,6.1,0
18,Male,High School,Divorced,43854,0.4,316,26124,12,7.09,0
20,Male,Bachelor,Married,60684,0.45,830,22427,12,3.77,0
30,Male,PhD,Single,84224,0.24,625,18812,24,5.15,0
45,Female,Master,Married,40735,0.42,845,5292,36,12.19,0
66,Female,High School,Married,26974,0.33,501,18030,36,8.92,0
42,Female,High School,Married,21799,0.34,643,13316,36,13.57,0
50,Female,High School,Single,60690,0.48,822,10106,36,7.77,0
55,Male,Bachelor,Single,21752,0.24,699,13189,24,6.22,0
23,Female,Master,Married,44415,0.26,517,10660,36,7.17,0
61,Male,High School,Divorced,56559,0.56,744,17534,24,11.55,1
62,Male,Bachelor,Married,52777,0.13,521,23079,36,9.66,0
49,Male,Master,Single,56381,0.34,682,19130,36,13.85,0
62,Male,Bachelor,Married,53334,0.56,306,28812,36,10.23,1
64,Male,Bachelor,Single,69182,0.41,571,7231,24,8.92,0
38,Female,Bachelor,Single,35715,0.37,315,12469,12,12.43,0
33,Female,Bachelor,Single,39845,0.22,723,10284,12,14.37,0
38,Female,High School,Married,38410,0.27,823,21146,12,7.27,0
28,Female,Bachelor,Single,62452,0.53,320,13897,12,6.0,0
54,Male,Bachelor,Single,63505,0.38,527,15947,12,10.39,1
53,Female,Master,Married,56768,0.36,587,18168,24,8.99,0
52,Male,Bachelor,Single,67752,0.15,433,7726,24,14.87,0
36,Female,Bachelor,Single,32329,0.11,582,11893,36,8.55,0
37,Male,High School,Single,75008,0.58,703,19986,12,3.89,1
35,Male,Bachelor,Divorced,72848,0.29,365,12259,24,14.73,0
64,Female,High School,Married,61034,0.4,736,6431,36,13.12,1
58,Male,High School,Single,76726,0.14,558,10488,24,5.14,0
66,Male,Bachelor,Married,25150,0.44,402,13568,36,13.86,0
31,Female,PhD,Married,42133,0.57,400,15833,12,7.09,0
32,Male,High School,Single,38970,0.39,497,14645,12,7.53,0
48,Female,Bachelor,Married,60822,0.16,525,11928,24,13.88,0
18,Female,Master,Married,34247,0.39,762,19696,12,9.36,0
20,Female,High School,Married,61362,0.48,536,14354,24,4.65,0
33,Male,Bachelor,Single,70558,0.3,325,16047,24,7.43,0
40,Male,Bachelor,Married,60428,0.54,420,12195,12,11.67,1
28,Male,Bachelor,Married,54256,0.42,805,22544,12,5.09,1
29,Female,High School,Single,35181,0.55,481,13041,24,10.08,0
27,Male,High School,Single,37297,0.41,842,15373,24,11.34,0
49,Female,Bachelor,Single,68744,0.17,614,20174,24,7.13,0
33,Female,Bachelor,Single,61690,0.25,572,16400,12,11.33,0
25,Male,High School,Married,49414,0.2,531,16275,12,13.61,1
55,Female,Bachelor,Single,43731,0.55,719,5131,12,8.67,0
29,Male,High School,Single,20000,0.48,741,18403,12,7.59,1
41,Male,Bachelor,Married,33937,0.44,795,15277,36,6.01,1
45,Male,High School,Single,78671,0.25,323,17707,12,10.25,1
25,Male,PhD,Divorced,30793,0.19,408,15916,36,13.56,0
45,Male,High School,Single,52842,0.48,801,12204,36,6.9,0
53,Female,High School,Single,65111,0.34,324,19471,12,7.75,0
43,Female,High School,Single,31176,0.21,486,15990,24,7.88,0
25,Female,High School,Single,52770,0.41,587,8553,36,9.73,0
67,Male,Master,Single,64068,0.12,637,21542,36,5.74,0
45,Male,PhD,Married,50187,0.26,336,7847,24,12.87,0
45,Male,High School,Divorced,93026,0.33,436,19504,36,6.55,0
54,Female,Bachelor,Single,24971,0.17,807,22434,36,11.46,0
58,Male,Bachelor,Married,65880,0.59,526,9468,24,9.16,0
53,Female,Master,Married,47407,0.2,619,14386,36,10.03,0
44,Female,Bachelor,Married,61578,0.17,481,13920,24,5.16,0
34,Male,High School,Single,56619,0.2,385,14145,24,11.82,0
26,Male,Bachelor,Single,39002,0.48,766,24151,36,5.26,0
50,Female,Bachelor,Single,53434,0.31,352,9526,36,4.36,0
37,Male,High School,Married,22131,0.38,534,13467,24,9.56,0
30,Female,Bachelor,Married,59048,0.11,732,22516,12,11.51,0
45,Male,High School,Single,54472,0.12,795,13385,24,3.6,0
65,Male,Bachelor,Single,59579,0.32,399,10321,36,3.83,0
46,Female,High School,Divorced,65871,0.51,702,16315,24,12.63,0
30,Male,Bachelor,Married,55514,0.54,695,19028,36,12.71,0
63,Female,Bachelor,Divorced,52221,0.14,826,13035,36,5.94,0
52,Male,Bachelor,Married,36783,0.37,714,17771,24,10.38,1
23,Female,High School,Single,39316,0.56,762,8116,12,8.32,0
35,Female,Bachelor,Married,67801,0.29,840,8394,24,10.59,1
68,Male,Bachelor,Married,71545,0.51,663,12799,24,13.35,0
22,Female,Bachelor,Single,46428,0.17,429,17950,24,3.96,0
64,Male,Bachelor,Married,50690,0.57,383,18807,24,12.34,0
42,Male,Bachelor,Married,36430,0.48,570,9089,24,8.92,0
19,Male,Master,Single,67591,0.57,543,18622,12,9.77,0
27,Female,High School,Married,59981,0.44,687,15832,12,10.85,0
47,Female,Master,Married,79118,0.28,513,10603,24,14.07,0
67,Male,Bachelor,Divorced,36825,0.57,465,8329,12,3.68,0
62,Male,High School,Single,44329,0.24,358,16149,24,3.35,0
22,Female,High School,Single,53471,0.27,803,21447,24,5.14,1
50,Male,High School,Married,59697,0.45,422,15177,24,14.84,0
18,Male,Bachelor,Single,46764,0.48,712,10325,12,11.58,0
35,Female,Bachelor,Married,36905,0.56,438,5659,36,10.38,0
49,Male,Bachelor,Married,63221,0.2,528,22647,24,3.56,0
64,Female,Bachelor,Single,60817,0.5,573,20209,24,13.55,1
66,Male,Bachelor,Married,36255,0.47,738,16510,36,12.75,0
28,Female,High School,Married,70331,0.13,417,22389,12,10.98,0
38,Male,High School,Single,67552,0.29,782,16119,24,7.07,0
43,Male,Bachelor,Divorced,52014,0.24,694,12344,36,3.85,0
42,Female,High School,Married,51193,0.25,759,17775,36,9.96,0
39,Male,High School,Married,58310,0.59,377,10851,36,11.64,1
44,Female,Bachelor,Married,37074,0.42,711,10021,36,4.13,0
66,Male,Bachelor,Single,50450,0.46,374,18858,12,10.61,1
30,Female,PhD,Divorced,20000,0.59,594,19278,12,6.44,1
50,Female,Master,Married,63146,0.29,320,8631,24,12.17,0
51,Female,Bachelor,Married,26577,0.5,470,8816,24,9.48,0
58,Female,Bachelor,Married,72551,0.32,314,12774,12,4.55,0
52,Male,Bachelor,Single,45048,0.53,510,11443,36,9.32,0
18,Male,Bachelor,Married,46824,0.19,385,17382,24,7.75,0
38,Female,High School,Single,40583,0.57,448,15240,24,5.16,1
65,Female,Bachelor,Single,45679,0.21,671,20824,36,13.1,0
23,Female,Master,Single,71277,0.26,779,16586,36,3.13,0
45,Male,High School,Divorced,20000,0.48,450,11777,24,6.75,0
34,Male,Bachelor,Married,69154,0.3,440,5544,36,3.15,0
22,Male,Bachelor,Married,55070,0.4,368,15897,36,4.15,1
48,Male,High School,Married,31894,0.32,559,6448,24,6.57,0
22,Female,High School,Married,33870,0.47,820,11715,12,3.65,0
55,Female,High School,Divorced,75145,0.21,670,11391,12,10.16,0
20,Female,High School,Single,35817,0.13,718,12457,24,4.04,1
40,Male,High School,Single,32699,0.25,400,8419,24,11.42,0
54,Male,Master,Single,67059,0.34,542,11373,36,3.63,1
54,Male,High School,Married,55078,0.18,811,20729,36,3.71,0
27,Female,Bachelor,Married,35931,0.28,394,20715,36,6.66,0
27,Female,High School,Single,53249,0.3,525,22662,36,13.76,0
36,Male,Master,Single,34613,0.13,817,15050,36,10.7,0
34,Female,High School,Married,66512,0.39,513,16356,24,12.24,0
38,Male,Bachelor,Single,65920,0.54,366,20803,12,4.7,0
31,Male,Master,Married,57980,0.18,695,7646,36,13.01,0
26,Female,Master,Divorced,55424,0.4,311,19028,24,3.1,0
63,Male,High School,Single,76417,0.43,536,21511,24,5.56,0
18,Female,Master,Single,49995,0.31,698,10555,24,10.39,0
68,Male,Bachelor,Married,32271,0.45,706,21913,36,7.5,0
62,Female,Bachelor,Married,56742,0.31,779,25288,24,14.81,0
30,Female,High School,Married,81290,0.35,521,18889,36,3.36,0
21,Female,High School,Divorced,34778,0.1,455,17972,12,14.98,0
18,Male,Bachelor,Single,44578,0.45,727,9401,24,10.48,0
66,Male,Bachelor,Married,56246,0.43,457,20346,12,9.7,1
57,Female,Bachelor,Married,49191,0.12,715,9872,36,3.71,0
49,Female,Bachelor,Married,35265,0.28,625,16848,12,6.28,0
51,Male,Bachelor,Single,66827,0.59,670,17355,36,14.1,1
45,Male,High School,Married,84800,0.31,643,2000,12,7.25,1
48,Male,Bachelor,Married,52941,0.35,561,17029,12,10.94,0
25,Female,High School,Single,36438,0.55,582,28107,24,14.99,1
56,Male,Bachelor,Single,26765,0.46,528,4540,24,6.16,0
43,Male,Bachelor,Married,53869,0.39,579,14730,12,9.91,0
51,Female,PhD,Single,66558,0.5,589,5264,24,11.36,0
20,Male,High School,Single,57127,0.53,346,10529,36,4.98,0
67,Male,High School,Single,49963,0.33,513,5351,24,4.78,0
29,Male,High School,Married,41160,0.34,323,15797,12,8.48,1
18,Female,High School,Married,33617,0.29,620,18968,36,7.63,1
61,Female,High School,Married,62521,0.58,573,17048,12,11.57,0
22,Female,Master,Single,63706,0.45,612,10349,24,3.83,0
47,Female,High School,Married,26814,0.14,662,11953,12,14.67,0
47,Female,High School,Married,73847,0.53,679,16361,24,3.17,0
34,Female,Bachelor,Married,58611,0.34,769,10505,12,10.22,0
65,Female,Bachelor,Divorced,70993,0.13,415,8356,36,9.75,0
64,Male,Bachelor,Single,29868,0.37,341,13804,24,4.62,1
40,Male,High School,Married,29512,0.31,678,10276,12,4.81,0
32,Female,Bachelor,Single,47765,0.54,505,17057,12,12.51,0
54,Male,High School,Married,57541,0.2,765,21493,36,13.65,0
38,Male,High School,Single,76945,0.51,579,27987,24,6.4,0
31,Female,Master,Single,60591,0.38,417,16690,36,8.26,1
19,Male,High School,Single,46359,0.13,536,18229,36,7.26,0
28,Male,Bachelor,Married,34604,0.59,608,12003,36,3.87,0
68,Male,Bachelor,Single,68450,0.36,755,12313,36,11.08,0
56,Male,High School,Married,35529,0.25,774,21420,12,12.9,0
55,Male,Master,Single,74427,0.33,399,13618,36,6.66,0
51,Female,High School,Single,45734,0.53,560,15364,12,14.88,0
55,Female,Bachelor,Married,73858,0.25,604,21114,36,3.91,0
67,Female,PhD,Single,60183,0.2,653,13656,24,10.94,0
51,Male,Bachelor,Single,47945,0.16,585,22502,36,8.38,0
35,Female,Master,Married,42209,0.25,627,17865,24,8.36,0
47,Male,High School,Single,44886,0.49,402,17276,24,8.49,0
32,Male,Bachelor,Single,56424,0.34,362,11759,36,6.1,0
44,Male,High School,Single,51157,0.21,581,17545,12,11.59,1
68,Male,Bachelor,Divorced,41092,0.18,740,12854,24,11.66,0
51,Female,PhD,Married,47515,0.27,592,17347,24,6.39,0
69,Female,High School,Married,51178,0.57,306,14490,36,13.02,0
55,Male,Bachelor,Married,20000,0.27,391,19834,12,6.8,0
50,Female,High School,Single,56872,0.59,489,14841,12,11.7,0
41,Male,Bachelor,Single,35304,0.34,775,25189,12,4.45,1
32,Female,Bachelor,Married,32700,0.19,810,13622,12,5.02,0
47,Female,PhD,Single,24689,0.55,761,12327,36,6.79,0
59,Male,Bachelor,Single,23091,0.33,352,16730,36,10.13,0
68,Female,High School,Single,29668,0.45,785,20389,24,10.75,1
34,Male,High School,Single,39364,0.59,789,20350,24,7.76,0
22,Female,High School,Divorced,79298,0.13,663,15833,36,3.93,0
46,Male,High School,Single,42111,0.15,411,16695,12,7.48,1
21,Male,High School,Married,52666,0.46,708,16702,24,11.27,0
27,Female,Master,Single,56007,0.24,306,9610,24,11.05,0
34,Female,Bachelor,Divorced,51965,0.19,496,20120,12,4.92,0
27,Male,Bachelor,Single,48838,0.12,666,8710,24,3.09,0
34,Female,High School,Single,32070,0.11,549,9620,24,12.04,0
37,Female,Master,Married,71763,0.49,539,15275,12,4.28,0
41,Male,Bachelor,Married,77107,0.17,679,13400,12,3.99,0
22,Male,High School,Single,24760,0.33,770,18980,36,3.03,1
51,Female,Bachelor,Single,34639,0.4,754,17236,12,8.19,1
23,Male,Bachelor,Single,45802,0.31,665,15691,36,9.04,0
19,Male,High School,Single,35531,0.11,589,9372,12,10.65,0
30,Male,Bachelor,Single,57589,0.49,702,15132,36,6.55,0
60,Female,Bachelor,Single,39075,0.11,357,14737,36,11.53,0
60,Female,High School,Single,82475,0.48,820,16110,36,5.03,0
65,Male,Master,Single,67858,0.55,603,12849,36,12.98,0
28,Female,Master,Married,53188,0.32,414,17614,12,9.86,0
68,Male,Bachelor,Divorced,65404,0.37,509,13267,24,10.01,0
64,Female,Bachelor,Married,66588,0.34,340,17145,24,5.52,0
40,Male,Bachelor,Single,41540,0.29,472,18980,12,3.89,0
33,Male,Bachelor,Single,37756,0.54,533,12327,12,8.58,0
48,Female,Bachelor,Divorced,51172,0.55,702,11139,36,10.39,0
28,Male,High School,Single,62924,0.27,338,17381,24,4.14,0
33,Female,Bachelor,Single,52085,0.41,418,8394,24,14.41,0
25,Female,Master,Married,26345,0.56,634,20558,36,14.76,0
21,Male,Bachelor,Married,37957,0.58,635,15054,24,9.55,0
57,Male,High School,Married,48890,0.35,838,14426,24,14.4,0
21,Female,Bachelor,Single,48865,0.33,373,17730,36,5.15,0
42,Male,High School,Single,79588,0.24,490,17419,12,3.31,1
20,Male,High School,Divorced,29210,0.58,623,15032,24,3.47,0
49,Male,High School,Single,57583,0.17,446,19393,36,10.05,0
20,Male,High School,Married,72336,0.39,583,11638,36,3.74,0
44,Male,Bachelor,Married,84071,0.24,512,18561,36,14.5,1
46,Female,Bachelor,Married,43934,0.24,693,9606,24,4.7,0
49,Female,High School,Single,57371,0.3,638,17553,36,6.66,0
67,Male,Master,Single,58546,0.6,321,13360,12,12.87,0
68,Male,Master,Married,52932,0.13,404,8444,12,5.62,0
36,Male,Master,Married,48517,0.39,765,16283,24,5.92,0
38,Female,High School,Divorced,56539,0.14,758,14827,24,10.71,0
22,Male,Bachelor,Single,20000,0.18,731,7286,12,6.31,1
35,Female,PhD,Single,60231,0.32,520,4431,24,5.61,0
45,Female,Bachelor,Divorced,51892,0.36,678,14238,12,6.05,1
59,Female,High School,Married,46662,0.23,521,23091,24,8.89,0
39,Male,High School,Married,80702,0.26,557,16605,36,14.59,1
38,Female,Bachelor,Single,39875,0.14,666,11658,24,12.99,0
23,Male,Master,Married,43953,0.25,648,20409,12,6.42,0
18,Female,Bachelor,Married,79873,0.58,524,19536,24,7.36,1
22,Male,Bachelor,Married,37519,0.57,535,21357,24,8.57,1
58,Female,High School,Single,41748,0.27,482,18419,24,14.75,0
29,Male,Bachelor,Single,47794,0.39,743,19429,24,5.07,0
43,Female,Master,Married,62611,0.55,305,18655,24,7.29,1
63,Male,High School,Single,53117,0.1,535,12612,36,11.75,0
51,Male,Bachelor,Single,30610,0.51,426,6813,12,14.57,0
66,Male,PhD,Divorced,42017,0.57,403,12394,24,4.87,1
31,Male,High School,Single,40889,0.15,779,20524,24,5.73,0
43,Female,Bachelor,Married,48841,0.18,454,13094,24,5.71,0
62,Female,High School,Single,56387,0.58,556,14272,12,3.25,0
44,Male,Bachelor,Married,56273,0.37,534,9171,12,10.25,0
26,Female,Bachelor,Divorced,23359,0.11,799,12244,12,11.05,0
43,Male,Bachelor,Single,65959,0.23,588,14954,36,10.23,1
64,Male,Bachelor,Single,53788,0.32,809,17462,36,3.86,0
39,Female,High School,Single,70767,0.45,597,12706,24,3.83,1
64,Male,Master,Single,56662,0.47,436,12357,36,5.52,1
47,Male,Bachelor,Married,66519,0.6,675,19210,12,6.48,0
60,Female,High School,Divorced,56998,0.24,386,16626,36,12.44,0
65,Male,Bachelor,Single,70193,0.37,718,17243,24,4.91,0
34,Male,Bachelor,Single,57833,0.37,498,22641,24,3.53,0
43,Male,High School,Single,48531,0.3,762,12474,36,7.73,0
53,Male,Master,Married,84086,0.18,736,14754,36,8.0,0
18,Female,Master,Single,63335,0.59,609,17755,36,8.41,0
25,Female,High School,Married,58606,0.53,580,10642,12,12.92,0
66,Female,PhD,Married,30855,0.35,622,16145,36,4.18,0
52,Male,High School,Married,30675,0.4,451,15110,36,11.45,0
69,Male,High School,Single,54390,0.21,601,28886,24,7.06,0
32,Female,High School,Married,52182,0.37,577,15499,12,6.72,0
64,Male,Master,Single,40788,0.45,307,20784,12,14.19,0
39,Male,Bachelor,Single,52114,0.36,534,19149,36,5.98,0
31,Male,High School,Married,73829,0.6,601,9217,24,10.71,0
43,Male,Bachelor,Married,60431,0.41,337,7255,24,6.3,0
45,Female,Bachelor,Single,32884,0.29,435,16235,12,9.09,0
40,Female,High School,Single,48327,0.49,720,21286,12,12.44,0
31,Female,Master,Single,37925,0.19,518,16439,24,13.58,0
41,Male,Master,Single,44184,0.29,647,15394,24,13.06,0
19,Female,Bachelor,Single,43795,0.27,845,13579,36,9.99,0
62,Female,PhD,Single,42835,0.32,378,8380,24,5.99,1
43,Male,Bachelor,Single,31172,0.49,572,10197,36,10.93,0
31,Male,PhD,Married,48085,0.34,460,6888,12,11.52,1
68,Female,Bachelor,Married,41590,0.5,607,9484,12,3.13,0
24,Female,Bachelor,Married,20000,0.39,673,12369,24,8.27,0
20,Female,High School,Single,80794,0.27,308,18880,24,13.12,0
64,Female,Master,Divorced,66331,0.5,743,12774,12,8.88,0
40,Male,Bachelor,Married,44355,0.22,412,16278,36,6.74,0
63,Female,High School,Married,50282,0.21,504,15676,24,13.46,0
60,Female,High School,Married,32425,0.35,704,17495,12,4.87,0
64,Male,Bachelor,Divorced,75435,0.23,496,9825,12,5.48,0
62,Female,Bachelor,Married,78459,0.1,414,20295,12,11.25,0
35,Male,Bachelor,Single,52350,0.42,420,7964,36,7.23,0
55,Male,Master,Married,65352,0.36,364,12760,12,11.56,0
